{
  "Compact Fluorescent Lamp": {
    "precision": 0.9722222222222222,
    "recall": 1.0,
    "f1-score": 0.9859154929577465,
    "support": 35.0
  },
  "Fan": {
    "precision": 0.9583333333333334,
    "recall": 1.0,
    "f1-score": 0.9787234042553191,
    "support": 23.0
  },
  "Hairdryer": {
    "precision": 1.0,
    "recall": 1.0,
    "f1-score": 1.0,
    "support": 31.0
  },
  "Incandescent Light Bulb": {
    "precision": 1.0,
    "recall": 0.9565217391304348,
    "f1-score": 0.9777777777777777,
    "support": 23.0
  },
  "Laptop": {
    "precision": 0.9705882352941176,
    "recall": 0.9705882352941176,
    "f1-score": 0.9705882352941176,
    "support": 34.0
  },
  "Microwave": {
    "precision": 1.0,
    "recall": 1.0,
    "f1-score": 1.0,
    "support": 28.0
  },
  "Vacuum": {
    "precision": 1.0,
    "recall": 1.0,
    "f1-score": 1.0,
    "support": 8.0
  },
  "Curling Iron": {
    "precision": 1.0,
    "recall": 0.8888888888888888,
    "f1-score": 0.9411764705882353,
    "support": 9.0
  },
  "accuracy": 0.9842931937172775,
  "macro avg": {
    "precision": 0.9876429738562091,
    "recall": 0.9769998579141801,
    "f1-score": 0.9817726726091496,
    "support": 191.0
  },
  "weighted avg": {
    "precision": 0.9846567771960443,
    "recall": 0.9842931937172775,
    "f1-score": 0.9841736003956884,
    "support": 191.0
  }
}