{
  "Fan": {
    "precision": 0.8809523809523809,
    "recall": 0.30327868852459017,
    "f1-score": 0.45121951219512196,
    "support": 122.0
  },
  "Hairdryer": {
    "precision": 0.9719101123595506,
    "recall": 0.8357487922705314,
    "f1-score": 0.8987012987012987,
    "support": 207.0
  },
  "Laptop": {
    "precision": 0.935064935064935,
    "recall": 0.7236180904522613,
    "f1-score": 0.8158640226628895,
    "support": 199.0
  },
  "micro avg": {
    "precision": 0.946524064171123,
    "recall": 0.6704545454545454,
    "f1-score": 0.7849223946784922,
    "support": 528.0
  },
  "macro avg": {
    "precision": 0.9293091427922889,
    "recall": 0.6208818570824609,
    "f1-score": 0.7219282778531033,
    "support": 528.0
  },
  "weighted avg": {
    "precision": 0.9370066397964764,
    "recall": 0.6704545454545454,
    "f1-score": 0.7640850186153196,
    "support": 528.0
  },
  "samples avg": {
    "precision": 0.3241455347298787,
    "recall": 0.31091510474090406,
    "f1-score": 0.3149577361264241,
    "support": 528.0
  }
}