{
  "Air Conditioner": {
    "precision": 0.8181818181818182,
    "recall": 0.6923076923076923,
    "f1-score": 0.7500000000000001,
    "support": 13
  },
  "Compact Fluorescent Lamp": {
    "precision": 0.9210526315789473,
    "recall": 1.0,
    "f1-score": 0.958904109589041,
    "support": 35
  },
  "Fan": {
    "precision": 0.9130434782608695,
    "recall": 0.9130434782608695,
    "f1-score": 0.9130434782608695,
    "support": 23
  },
  "Fridge": {
    "precision": 0.5,
    "recall": 0.625,
    "f1-score": 0.5555555555555556,
    "support": 8
  },
  "Hairdryer": {
    "precision": 0.9375,
    "recall": 0.967741935483871,
    "f1-score": 0.9523809523809523,
    "support": 31
  },
  "Heater": {
    "precision": 1.0,
    "recall": 0.8571428571428571,
    "f1-score": 0.923076923076923,
    "support": 7
  },
  "Incandescent Light Bulb": {
    "precision": 0.95,
    "recall": 0.8260869565217391,
    "f1-score": 0.8837209302325583,
    "support": 23
  },
  "Laptop": {
    "precision": 0.9142857142857143,
    "recall": 0.9411764705882353,
    "f1-score": 0.9275362318840579,
    "support": 34
  },
  "Microwave": {
    "precision": 0.896551724137931,
    "recall": 0.9285714285714286,
    "f1-score": 0.912280701754386,
    "support": 28
  },
  "Vacuum": {
    "precision": 1.0,
    "recall": 1.0,
    "f1-score": 1.0,
    "support": 8
  },
  "Washing Machine": {
    "precision": 1.0,
    "recall": 0.6,
    "f1-score": 0.7499999999999999,
    "support": 5
  },
  "accuracy": 0.9023255813953488,
  "macro avg": {
    "precision": 0.8955104878586618,
    "recall": 0.8500973471706085,
    "f1-score": 0.8660453529758495,
    "support": 215
  },
  "weighted avg": {
    "precision": 0.9068598525730378,
    "recall": 0.9023255813953488,
    "f1-score": 0.9018470195066907,
    "support": 215
  }
}