{
  "Fan": {
    "tn": 780,
    "fp": 5,
    "fn": 85,
    "tp": 37,
    "precision": 0.8809523809523809,
    "recall": 0.30327868852459017
  },
  "Hairdryer": {
    "tn": 695,
    "fp": 5,
    "fn": 34,
    "tp": 173,
    "precision": 0.9719101123595506,
    "recall": 0.8357487922705314
  },
  "Laptop": {
    "tn": 698,
    "fp": 10,
    "fn": 55,
    "tp": 144,
    "precision": 0.935064935064935,
    "recall": 0.7236180904522613
  }
}