{"mean":{"p":481.91700083,"s":1475.8086842293,"pf_true":0.4633758757,"rms_i":11.767652069,"thd_i":1.0514529805,"crest_i":2.2639007502,"h2_i_norm":0.554863859,"h3_i_norm":0.5084665365,"h4_i_norm":0.4805367469,"h5_i_norm":0.4712536663},"std":{"p":2678.8069831055,"s":3630.9645109249,"pf_true":0.4755155522,"rms_i":28.9907214616,"thd_i":1.2023607955,"crest_i":1.182112395,"h2_i_norm":0.5685026035,"h3_i_norm":0.5691558265,"h4_i_norm":0.5750786889,"h5_i_norm":0.7442903233}}