{
  "Fan": 0.6500000000000001,
  "Hairdryer": 0.6500000000000001,
  "Laptop": 0.55
}