{
  "Fan": 0.625,
  "Hairdryer": 0.8250000000000001,
  "Incandescent Light Bulb": 0.725,
  "Laptop": 0.725,
  "Vacuum": 0.5750000000000001
}